"Candidate ID","Assigned Time","Comment","Rating for Cultural","Rating for Text","Is Duplicate","Duplicate of Portal","Rating for Location","Suggested Location","Rating for Quality","Rating for Safety","One Star Submission","Time","Rating for Uniqueness","What is it?"
"b8b123350bb4a7b3f776c413e92e38e4","2017-09-27 04:05:34 GMT","","5","5","false","","5","","4","5","false","2017-09-27 04:06:39 GMT","5",""
"9cbe75f18e50fec1bb9b0f7cf4e8498c","2017-09-27 04:31:58 GMT","","3","5","false","","5","","5","5","false","2017-09-27 04:34:20 GMT","4",""
"37cdeb14239f28147bfb0f76eec64bd6","2017-09-27 04:35:30 GMT","","","","false","","","","","","true","2017-09-27 04:35:52 GMT","",""
"8393b51feeb9a6186857bb6620ee9dc7","2017-09-27 05:24:15 GMT","","","","false","","","","","","true","2017-09-27 05:25:06 GMT","",""
"fadf0ffef4d1641b4c8ffa69e4149715","2017-09-27 08:27:15 GMT","","2","5","false","","5","","2","2","false","2017-09-27 08:27:43 GMT","4",""
"254b037bdc079186e0bbe3ef5539cd8c","2017-09-27 08:45:44 GMT","","5","5","false","","5","","5","5","false","2017-09-27 08:46:29 GMT","5",""
"1b51b03e08550b56a547a7f4a28c4d42","2017-09-27 09:31:32 GMT","","4","5","false","","5","","4","5","false","2017-09-27 09:32:20 GMT","2",""
"db172b35f711f43dd170c07cb35e95b8","2017-09-27 10:00:52 GMT","","5","5","false","","5","32.18641921204394, 121.37666300000001","2","2","false","2017-09-27 10:02:31 GMT","5",""
"c7a7f2a7d556bfd964975988aea4002b","2017-09-27 10:02:36 GMT","","2","5","false","","5","30.295225404809827, 120.07631403439336","3","3","false","2017-09-27 10:03:24 GMT","2",""
"2c5ee4ea15c094a5cc90bb225b634790","2017-09-27 10:03:27 GMT","","5","5","false","","5","","4","5","false","2017-09-27 10:03:46 GMT","5",""
"2e660e4f52a5fa67aa8040f7cd3f4c84","2017-09-27 12:53:14 GMT","","","","false","","","","","","true","2017-09-27 12:53:24 GMT","",""
"007cd462b7d1732be58bc20ba2024676","2017-09-27 12:53:30 GMT","","1","5","false","","5","","4","5","false","2017-09-27 12:54:00 GMT","1",""
"33e1272a72eb425a15545f00f24201bd","2017-09-27 12:54:05 GMT","","3","5","false","","5","","5","5","false","2017-09-27 12:55:42 GMT","5",""
"0db238e2e38a582199fb0de03b98c704","2017-09-27 23:08:51 GMT","repeated","","","false","","","","","","true","2017-09-27 23:09:47 GMT","",""
"089105778c1e8f2bd0541c1d43aef8f5","2017-09-27 23:11:51 GMT","","1","5","false","","5","31.281020646472115, 121.49610881481931","2","2","false","2017-09-27 23:12:46 GMT","1",""
"cbbb6b0e0edf32c5e6aa2692f657e7bc","2017-09-27 23:13:01 GMT","","3","5","false","","3","","3","2","false","2017-09-27 23:13:40 GMT","5",""
"3eb38d549dfd7770138a88271aebcc63","2017-09-27 23:13:48 GMT","","5","5","false","","5","","5","5","false","2017-09-27 23:14:19 GMT","5",""
"1fbe8a72bdb9214130eaa3294c016501","2017-09-27 23:14:23 GMT","","2","5","false","","5","","5","5","false","2017-09-27 23:14:39 GMT","3",""
"9394dc321d7e460de0a2295a75e6c929","2017-09-27 23:14:54 GMT","","","","false","","","","","","true","2017-09-27 23:15:15 GMT","",""
"0f6aa1885ba116cb1b57c622393d05b3","2017-09-27 23:15:18 GMT","","5","5","false","","5","","5","5","false","2017-09-27 23:15:32 GMT","5",""
"623f21a79f0480f1d32f8f04a39ece2e","2017-09-28 03:56:55 GMT","","5","5","false","","5","","5","5","false","2017-09-28 03:58:57 GMT","5",""
"c09acbd7f8260dcf03a6bdedf87b3a06","2017-09-28 03:59:55 GMT","","5","5","false","","5","","5","5","false","2017-09-28 04:01:48 GMT","5",""
"1a7eae6f0f7ef6d495cd5e8610745280","2017-09-28 04:01:53 GMT","","5","5","false","","5","30.186177208419185, 120.22109974603268","5","5","false","2017-09-28 04:02:42 GMT","5",""
"6177a64cedf7b8fa5af9ea7f35575220","2017-09-28 08:53:42 GMT","","1","5","false","","5","","4","5","false","2017-09-28 08:55:00 GMT","3",""
"ea49eaba4c5301ddbf89631d1373956d","2017-09-28 09:07:14 GMT","","5","5","false","","5","","5","5","false","2017-09-28 09:07:32 GMT","5",""
"f37a88ffff1c14801d76e6b350d1799f","2017-09-28 09:07:39 GMT","","5","5","false","","5","","5","5","false","2017-09-28 09:07:58 GMT","5",""
"18b863d144cb57b8740997d8c74bb58e","2017-09-28 09:22:43 GMT","","5","5","false","","5","","5","5","false","2017-09-28 09:22:56 GMT","5",""
"eb2589420b964c6ccbb1acb3eef2db86","2017-09-28 14:16:33 GMT","","","","false","","","","","","true","2017-09-28 14:16:55 GMT","",""
"6c81860c3637b91c1d37d7e8fc5c41c4","2017-09-28 23:10:31 GMT","","1","4","false","","4","","3","4","false","2017-09-28 23:11:01 GMT","1",""
"00d4c2900f9cc683937701c11b611da4","2017-09-28 23:11:05 GMT","","4","5","false","","5","","5","5","false","2017-09-28 23:11:33 GMT","5",""
"e75d027a655a34e4a1f3d2276338286e","2017-09-28 23:12:55 GMT","","4","5","false","","4","","5","5","false","2017-09-28 23:13:29 GMT","5",""
"5aecbc963d42bb2d737d5a812ad460d0","2017-09-28 23:13:34 GMT","","3","5","false","","3","","4","3","false","2017-09-28 23:14:09 GMT","4",""
"15878b5251ef24b8268cf35fedcd5314","2017-09-28 23:14:16 GMT","","4","5","false","","4","","5","5","false","2017-09-28 23:14:41 GMT","5",""
"27dfe1e2c1fb3d5b5b76eb669246039b","2017-09-28 23:14:46 GMT","","3","5","false","","3","","3","4","false","2017-09-28 23:15:15 GMT","4",""
"088a3c45a2d31184df6ee480dde77c86","2017-09-29 03:45:19 GMT","","5","5","false","","5","","5","5","false","2017-09-29 03:45:57 GMT","5",""
"dcda0c7ffba33faa4a5aa8f9906df569","2017-09-30 01:28:53 GMT","","3","5","false","","5","","5","5","false","2017-09-30 01:29:13 GMT","4",""
"aae20ce27251c8045522b488641dabc7","2017-09-30 01:32:00 GMT","","4","5","false","","5","","5","5","false","2017-09-30 01:32:38 GMT","5",""
"d374f4d82431b3c4ba37172590b60338","2017-10-01 01:56:01 GMT","","4","5","false","","5","","5","5","false","2017-10-01 01:56:31 GMT","5",""
"708f6e52038d999f78c04829435d9857","2017-10-01 01:57:18 GMT","","4","5","false","","5","","5","5","false","2017-10-01 01:57:38 GMT","5",""
"e20263a6d9d6a731b9d0727f292df4a9","2017-10-01 01:57:42 GMT","","3","5","false","","5","","4","5","false","2017-10-01 01:58:07 GMT","4",""
"b29d7af644a694278d44ae400c085808","2017-10-01 01:58:12 GMT","","","","false","","","","","","true","2017-10-01 01:58:30 GMT","",""
"379ec951c196a0d25847713fe2a8dd73","2017-10-01 01:58:33 GMT","","","","false","","","","","","true","2017-10-01 01:58:42 GMT","",""
"5dd0dfce9bd3df5eae5131dc15d5e108","2017-10-01 01:58:45 GMT","","5","5","false","","5","","5","5","false","2017-10-01 01:59:13 GMT","5",""
"48216967ecaf8229a99fc0a48c180db0","2017-10-01 01:59:20 GMT","","5","5","false","","5","","5","5","false","2017-10-01 01:59:38 GMT","5",""
"254b8169bfb0d52237710cdc7dc89ebd","2017-10-01 01:59:42 GMT","","5","5","false","","5","","5","5","false","2017-10-01 02:00:16 GMT","5",""
"397820797e72704e63626d5bbe0dcff1","2017-10-01 06:07:34 GMT","","4","5","false","","5","","5","5","false","2017-10-01 06:08:07 GMT","5",""
"72807fa14193e1c682b12bb1b643663a","2017-10-01 06:08:59 GMT","","","","false","","","","","","true","2017-10-01 06:09:11 GMT","",""
"9b4a5b5ff5e47a670cad8c2eeb850c75","2017-10-01 13:08:05 GMT","","5","5","false","","5","","5","5","false","2017-10-01 13:08:40 GMT","5",""
"f5aa50cb2a66a1818f227f3a77dc82b8","2017-10-01 13:08:56 GMT","","","","false","","","","","","true","2017-10-01 13:10:02 GMT","",""
"4f64b3c08346b95804038ef6204578c0","2017-10-01 13:10:07 GMT","","","","false","","","","","","true","2017-10-01 13:10:26 GMT","",""
"c4c5c487acefbbd8ca7f6ad6332aa8f8","2017-10-01 13:10:34 GMT","","5","5","false","","5","","5","5","false","2017-10-01 13:11:26 GMT","5",""
"39a751a6e37b6e946cd861f884ec4ec6","2017-10-01 13:11:41 GMT","","5","5","false","","5","","5","5","false","2017-10-01 13:12:11 GMT","5",""
"51def6032477ae853827309aa350bd77","2017-10-01 13:46:59 GMT","","5","5","false","","5","","5","5","false","2017-10-01 13:47:40 GMT","5",""
"5780bad1c4c3be466adb308ef2262cf4","2017-10-01 13:48:33 GMT","","","","false","","","","","","true","2017-10-01 13:48:43 GMT","",""
"ed9286806b060c9237b1ea820e68e5e4","2017-10-01 23:42:21 GMT","","3","5","false","","5","","5","5","false","2017-10-01 23:43:22 GMT","5",""
"9fc24f69cbff3b21416f253d8ca4fc4d","2017-10-01 23:43:24 GMT","","5","5","false","","5","","5","5","false","2017-10-01 23:44:05 GMT","5",""
"5130bd5d64040cc509546a1d5a53ee26","2017-10-01 23:44:31 GMT","","3","5","false","","5","","5","5","false","2017-10-01 23:45:27 GMT","3",""
"623c5fc0decca0a7de2641dd5d11705a","2017-10-01 23:45:36 GMT","","5","5","false","","5","","5","5","false","2017-10-01 23:46:16 GMT","5",""
"4351308d1e306df0f541d51f0ef12859","2017-10-01 23:48:32 GMT","","3","5","false","","1","","5","1","false","2017-10-01 23:49:16 GMT","3",""
"727d43660adcabf52aca0b231186adf8","2017-10-01 23:49:20 GMT","","5","5","false","","5","","5","5","false","2017-10-01 23:50:04 GMT","5",""
"ac793f35c2ee446a8d3d4961a5446295","2017-10-03 15:17:11 GMT","","4","5","false","","3","","3","1","false","2017-10-03 15:17:58 GMT","4",""
"43f3ae6a22b8652ad0697e3df0bb9330","2017-10-03 15:18:02 GMT","","3","5","false","","3","","5","3","false","2017-10-03 15:19:03 GMT","5",""
"30d7b1a39e93c19016dac9767dace487","2017-10-03 15:19:09 GMT","","5","5","false","","3","","5","3","false","2017-10-03 15:20:15 GMT","1",""
"9fcf06523e78dd2f6476abaac5636e57","2017-10-03 15:20:19 GMT","","5","5","false","","5","","5","5","false","2017-10-03 15:20:48 GMT","5",""
"a02ba395f57c5f5d5c0213e5fabcd827","2017-10-03 15:20:52 GMT","","5","5","false","","5","","5","5","false","2017-10-03 15:21:19 GMT","5",""
"498f1bd1dfa2689e897ec5e7cfb3af49","2017-10-03 15:21:25 GMT","","4","5","false","","3","","4","4","false","2017-10-03 15:22:19 GMT","2",""
"67a9b883a4814524d51a50ecb15ba0e5","2017-10-04 00:15:40 GMT","","5","5","false","","5","","5","5","false","2017-10-04 00:16:45 GMT","5",""
"e4b13e8df31d4cce0a6eae3e9d82db0c","2017-10-04 00:16:52 GMT","","4","5","false","","1","","3","3","false","2017-10-04 00:19:01 GMT","5",""
"61b94a63e2694df2d160cff1f59231d7","2017-10-04 02:03:26 GMT","","5","5","false","","3","","5","3","false","2017-10-04 02:08:29 GMT","5",""
"f80a47be6c39604a7f4a10c5b3cbb818","2017-10-04 02:53:51 GMT","","","","false","","","","","","true","2017-10-04 02:54:13 GMT","",""
"055a5c4cd6506b2a3580ad92e2900d4c","2017-10-04 02:54:22 GMT","","5","5","false","","5","","5","5","false","2017-10-04 02:54:53 GMT","5",""
"63c0b029f58647871e91a0595f9a5e02","2017-10-04 02:54:59 GMT","","3","5","false","","1","","3","3","false","2017-10-04 02:55:50 GMT","4",""
"f8a56a206e2a97ea344bb49b8498fbf6","2017-10-04 06:05:22 GMT","","3","5","false","","5","","4","4","false","2017-10-04 06:05:50 GMT","5",""
"3cbe85b329b83fe2d2de023c9e5f40bf","2017-10-04 06:06:10 GMT","","4","4","false","","5","","5","5","false","2017-10-04 06:06:50 GMT","5",""
"31409ddf82d050b8865bee4e42ca0c60","2017-10-04 06:06:55 GMT","","","","false","","","","","","true","2017-10-04 06:07:09 GMT","",""
"47fe8e0b4458bf895ed11ae9dfa2c3a9","2017-10-04 06:07:13 GMT","","","","false","","","","","","true","2017-10-04 06:07:19 GMT","",""
"5c66e17b99dddd85e77c1dac54935e7d","2017-10-04 06:07:26 GMT","","3","5","false","","1","","5","3","false","2017-10-04 06:08:18 GMT","4",""
"5550493404a482ded32f352e8facb4a7","2017-10-04 06:08:29 GMT","","5","5","false","","5","","5","5","false","2017-10-04 06:08:46 GMT","5",""
"991a2503b569d0d72e3377e4381e2f19","2017-10-04 06:08:51 GMT","","5","5","false","","5","","5","5","false","2017-10-04 06:09:19 GMT","5",""
"60e47265825dfcfff0528894e13cfe43","2017-10-04 06:09:24 GMT","","","","false","","","","","","true","2017-10-04 06:09:49 GMT","",""
"9985571492de9d9c73f318b8c8b4fac4","2017-10-04 06:09:57 GMT","","","","true","10ff7fa571594b7c95c0394003909831.16","","","","","false","2017-10-04 06:10:21 GMT","",""
"2b9ae38445eb2710e4294449c1e5060b","2017-10-04 06:10:25 GMT","","5","5","false","","5","","5","5","false","2017-10-04 06:10:48 GMT","5",""
"a9954140abc7291d4ad5d6c19245b379","2017-10-04 06:11:45 GMT","","5","5","false","","5","","5","5","false","2017-10-04 06:12:15 GMT","5",""
"2855250fe46faa5f0a88d8ad1eb83212","2017-10-04 06:12:24 GMT","","3","5","false","","5","30.620011985956147, 120.552426855156","5","5","false","2017-10-04 06:13:11 GMT","3",""
"94e4e8e7b798a7ce8c630f19723b6331","2017-10-05 03:01:36 GMT","","5","5","false","","3","","5","3","false","2017-10-05 03:02:27 GMT","3",""
"dff9b2d88688494f137630c101ea7210","2017-10-05 03:02:32 GMT","","","","false","","","","","","true","2017-10-05 03:03:32 GMT","",""
"344d145e1711897346a6085660f536bd","2017-10-05 03:03:35 GMT","","5","5","false","","5","","5","5","false","2017-10-05 03:04:36 GMT","3",""
"c485059aa30ba944bde02f31ef287830","2017-10-05 03:18:45 GMT","","5","5","false","","3","","5","1","false","2017-10-05 03:20:17 GMT","4",""
"80390cc092e8381a1bb3a656ccfc1099","2017-10-05 03:20:21 GMT","","5","5","false","","5","","5","5","false","2017-10-05 03:21:17 GMT","5",""
"6ba3efed03a9a56498bcf14543ec4323","2017-10-05 03:21:22 GMT","","","","false","","","","","","true","2017-10-05 03:21:44 GMT","",""
"ad8228b9d00246785d4e8e36e1e99dac","2017-10-05 03:21:53 GMT","","3","5","false","","5","","5","5","false","2017-10-05 03:22:26 GMT","4",""
"326355e0805546b1a937459cb8dd0b19","2017-10-05 04:12:44 GMT","","1","5","false","","3","","5","3","false","2017-10-05 04:14:43 GMT","3",""
"9576408115de74577ed5b10a0080d095","2017-10-05 04:14:49 GMT","","5","5","false","","5","30.318166184313803, 120.17235654232786","5","5","false","2017-10-05 04:15:44 GMT","5",""
"bdfd9ef5c0a74e8512cd8dbf169a48b2","2017-10-05 04:27:50 GMT","","3","5","false","","5","","5","1","false","2017-10-05 04:28:49 GMT","5",""
"0cacb261621e8b87931384d87aca1f8b","2017-10-05 04:28:59 GMT","","","","false","","","","","","true","2017-10-05 04:29:09 GMT","",""
"2e474bd4e1bed80350dcc33c71e4cd2f","2017-10-05 04:29:17 GMT","","1","5","false","","5","","4","3","false","2017-10-05 04:30:45 GMT","4",""
"88add4250c7b7c5a055a6d899cdbde2a","2017-10-05 04:30:51 GMT","","4","5","false","","3","","5","3","false","2017-10-05 04:31:19 GMT","5",""
"de8d3508679bfdef827932011ff8a38d","2017-10-05 04:31:24 GMT","","5","5","false","","5","","5","5","false","2017-10-05 04:31:49 GMT","5",""
"62c1e351928d2efdd4132c4f370c9ae9","2017-10-05 04:31:55 GMT","","","","false","","","","","","true","2017-10-05 04:32:14 GMT","",""
"9f813d210de418beccd0309780bc814f","2017-10-05 04:32:19 GMT","","5","5","false","","1","","5","2","false","2017-10-05 04:33:19 GMT","5",""
"690f614ae78b5f88ea20f7137b3b21b3","2017-10-05 04:33:27 GMT","","5","5","false","","5","","5","5","false","2017-10-05 04:34:07 GMT","5",""
"ecb6af9f4d51ff9b57551b7c6cb156ca","2017-10-05 04:34:16 GMT","","3","5","false","","5","31.39628170875148, 120.96803235085667","5","5","false","2017-10-05 04:35:31 GMT","4",""
"9b34f86fee11ffc861c7c5950cef41ac","2017-10-05 09:19:10 GMT","","3","5","false","","5","30.286523212880315, 120.19470910548785","5","5","false","2017-10-05 09:21:03 GMT","3",""
"6fa7c3d5661a0cdbe9a62cd9910516a5","2017-10-05 09:21:14 GMT","","","","false","","","","","","true","2017-10-05 09:21:30 GMT","",""
"7ba6be03b69f410898b6bba039805856","2017-10-05 09:21:36 GMT","","5","5","false","","5","29.55248696339579, 119.54101524334715","5","5","false","2017-10-05 09:22:30 GMT","5",""
"92c7c7a701fefa5401592c81c64ca7c7","2017-10-05 09:22:36 GMT","","","","false","","","","","","true","2017-10-05 09:36:38 GMT","",""
"9a6269c27d1fe8a45f04300809fde6b1","2017-10-05 09:36:42 GMT","","1","5","false","","5","31.709691965077983, 119.94565219377898","4","3","false","2017-10-05 09:37:49 GMT","3",""
"eaa423a425e04cd475cb39194723efbd","2017-10-05 09:37:54 GMT","","2","2","false","","3","","4","3","false","2017-10-05 09:38:29 GMT","3",""
"52c4bcf091d15219608c82feb98777a3","2017-10-05 09:38:34 GMT","","1","5","false","","5","30.944216219666856, 118.74235312764745","2","3","false","2017-10-05 09:39:12 GMT","1",""
"e2599b7614730da7c88c6aad8eb140e9","2017-10-05 09:39:19 GMT","","4","5","false","","1","","5","5","false","2017-10-05 09:40:20 GMT","5",""
"aa7890e8a3104a137ca1d6d819eedb95","2017-10-05 09:40:30 GMT","","1","5","false","","5","","2","5","false","2017-10-05 09:41:04 GMT","4",""
"9f8ce2a13166cbdade0bef873737fe58","2017-10-05 09:41:09 GMT","","3","1","false","","5","","4","5","false","2017-10-05 09:41:59 GMT","4",""
"0c05ea42299ac00eacc7f12fb52709a1","2017-10-05 09:42:04 GMT","","4","5","false","","5","29.874432809910942, 121.59459578769679","5","3","false","2017-10-05 09:42:56 GMT","5",""
"2f14d17b955b5957423a1ef908b907ca","2017-10-05 10:16:32 GMT","","","","false","","","","","","true","2017-10-05 10:16:48 GMT","",""
"b29723f04215840703eb5ae94ffcb809","2017-10-05 10:16:53 GMT","","4","5","false","","5","","5","5","false","2017-10-05 10:17:32 GMT","4",""
"05a24592749206129ac200a74e51ecd0","2017-10-05 10:17:37 GMT","","1","3","false","","5","31.177819340741777, 121.74770754232782","5","5","false","2017-10-05 10:18:22 GMT","3",""
"278c69095dfe2eeadaa4341d7bb2a2f4","2017-10-05 10:18:30 GMT","","4","5","false","","5","29.80206217561406, 121.56170453372954","5","5","false","2017-10-05 10:19:14 GMT","3",""
"8404d69851406f8b6ec8b3d5d8692a22","2017-10-05 10:19:24 GMT","","","","false","","","","","","true","2017-10-05 10:20:03 GMT","",""
"296882304120740014b5f5177218670e","2017-10-05 10:20:36 GMT","","","","false","","","","","","true","2017-10-05 10:20:59 GMT","",""
"33c8eb7b642cf486659393f81b3a78ba","2017-10-05 10:21:07 GMT","","1","5","false","","5","","5","5","false","2017-10-05 10:21:45 GMT","4",""
"a7124c449db1bb8f2caff08e659e6fd4","2017-10-05 10:21:53 GMT","","2","5","false","","4","","4","5","false","2017-10-05 10:22:25 GMT","4",""
"14d5993d4fb8275f5a2684aa486db466","2017-10-05 10:22:32 GMT","","1","5","false","","2","","5","4","false","2017-10-05 10:23:30 GMT","1",""
"69e94eea94f796537694135831426588","2017-10-05 10:23:36 GMT","","","","false","","","","","","true","2017-10-05 10:23:46 GMT","",""
"d364b6e7cfbae12ea91fd294abe839b9","2017-10-05 10:23:53 GMT","","1","5","false","","4","","2","4","false","2017-10-05 10:24:23 GMT","1",""
"ac9a7f1765e41d05a72d92a4faa2ac46","2017-10-05 10:24:29 GMT","","5","5","false","","5","","5","5","false","2017-10-05 10:24:59 GMT","5",""
"3ab5ccd970729436c41a58fd2498e50b","2017-10-05 10:25:09 GMT","","","","true","dacbaeee8d0e4859bd7938efe9e01147.16","","","","","false","2017-10-05 10:25:33 GMT","",""
"902c6f58f0b12ba5a1ffc3b3a453550d","2017-10-05 10:25:40 GMT","","1","1","false","","3","","2","2","false","2017-10-05 10:26:36 GMT","1",""
"0a0e9f4170b8123226b9f8b1c6589268","2017-10-05 10:26:43 GMT","","4","5","false","","3","","5","5","false","2017-10-05 10:27:41 GMT","5",""
"7e2d121a59eceb271e1a2d430f75722a","2017-10-05 10:27:48 GMT","","","","false","","","","","","true","2017-10-05 10:28:01 GMT","",""
"89574e2e83177ae97c562dfd825e4eed","2017-10-05 10:28:06 GMT","","2","5","false","","5","","5","5","false","2017-10-05 10:28:39 GMT","4",""
"7b528224e82e5ba5f03227af1c07be4b","2017-10-05 10:28:47 GMT","","4","5","false","","2","","5","3","false","2017-10-05 10:29:30 GMT","4",""
"efbc6cdec323cde8e5752a942e1c4331","2017-10-05 10:29:39 GMT","","5","5","false","","1","","5","2","false","2017-10-05 10:30:25 GMT","5",""
"83e7d2490d156edb85122ea8058d6a43","2017-10-05 10:30:34 GMT","","2","5","false","","5","","5","5","false","2017-10-05 10:30:54 GMT","3",""
"d3c75a997786272b3fb65ca17f4800fd","2017-10-05 10:30:59 GMT","","3","3","false","","3","","3","3","false","2017-10-05 10:31:40 GMT","3",""
"3ffab4e9af4d0916574fb967fd72a084","2017-10-05 10:31:46 GMT","","2","5","false","","5","","5","4","false","2017-10-05 10:32:36 GMT","3",""
"f105fe59e89924a7031ab7da4e0cd9b1","2017-10-05 10:44:42 GMT","","2","5","false","","3","","5","3","false","2017-10-05 10:46:09 GMT","2",""
"162e319e0cd41273f1dd096aa6969be4","2017-10-05 10:46:46 GMT","","2","5","false","","5","","5","4","false","2017-10-05 10:48:49 GMT","3",""
"8660a657b958bbc581fdf51535cd4ef3","2017-10-05 11:53:30 GMT","","5","3","false","","5","","5","5","false","2017-10-05 11:53:57 GMT","5",""
"58b3ea276dc0816a7fe45850099ac309","2017-10-05 11:54:26 GMT","","4","5","false","","5","","5","5","false","2017-10-05 11:55:09 GMT","5",""
"e700db998df446946303b9173ef5e76a","2017-10-05 11:55:15 GMT","","1","3","false","","5","31.69509630695794, 119.9422688048935","5","3","false","2017-10-05 11:56:05 GMT","2",""
"1b947fa4a2b46892055f5ac4b541c401","2017-10-05 11:56:15 GMT","","","","true","cbfffa0725c64938a4819ae66fdfc701.16","","","","","false","2017-10-05 11:57:08 GMT","",""
"67bf8275cbe6ff4575d3b77c10eae6c5","2017-10-05 13:34:43 GMT","","1","5","false","","5","29.991491676939752, 120.57160430059434","2","1","false","2017-10-05 13:35:29 GMT","1",""
"e3f3119742aaf0ac7c71fefd0477a759","2017-10-05 13:35:34 GMT","","5","5","false","","5","","5","5","false","2017-10-05 13:36:04 GMT","5",""
"dafd5a6de71b07462ae8f950677b07cd","2017-10-05 13:36:11 GMT","","3","5","false","","3","","5","3","false","2017-10-05 13:36:42 GMT","4",""
"fbc356ebcc609bbda897db278dedac2c","2017-10-05 13:37:13 GMT","","1","5","false","","1","","4","1","false","2017-10-05 13:38:03 GMT","3",""
"cac88772644464534305dc6d03f85df3","2017-10-05 13:38:10 GMT","","","","false","","","","","","true","2017-10-05 13:38:18 GMT","",""
"9937aa6418a2daff37461025c0e2ca39","2017-10-06 01:41:03 GMT","","1","5","false","","5","","4","5","false","2017-10-06 01:41:42 GMT","3",""
"f82173ea402d9ef34a1564785927c955","2017-10-06 01:41:55 GMT","","3","5","false","","2","","2","5","false","2017-10-06 01:43:04 GMT","5",""
"22b49040366a04643bc3ac28edac66f8","2017-10-06 01:43:46 GMT","","1","5","false","","5","","4","5","false","2017-10-06 01:45:06 GMT","1",""
"be7ffaff9b0acdc3137770a008f7223a","2017-10-06 01:45:18 GMT","","2","5","false","","4","","4","5","false","2017-10-06 01:46:10 GMT","3",""
"37031bd6d77e84c2116e16344b2477ae","2017-10-06 01:46:16 GMT","","4","5","false","","5","29.808345172627938, 121.5562097202378","5","5","false","2017-10-06 01:46:51 GMT","4",""
"a5fc3feaeca6a3c74b71d8d2446a8b54","2017-10-06 01:46:59 GMT","","5","5","false","","5","","5","5","false","2017-10-06 01:47:39 GMT","5",""
"c18b575358c05a8ae6c00b7b1a2d61b0","2017-10-06 02:45:47 GMT","","3","5","false","","3","","5","1","false","2017-10-06 02:46:17 GMT","5",""
"2a20ae76a5dc66ac166fa12d76ede320","2017-10-06 02:46:42 GMT","","1","5","false","","5","30.311221533757195, 120.16891995700826","4","5","false","2017-10-06 02:47:31 GMT","3",""
"227f70e4c12f121ddce8e370db3f9c29","2017-10-06 03:51:40 GMT","","2","5","false","","5","28.99836416741676, 119.04409457175825","4","5","false","2017-10-06 03:52:32 GMT","3",""
"a3626c8dbea2a7ef461b06c0bb9a6d83","2017-10-06 03:52:41 GMT","","1","5","false","","3","","4","4","false","2017-10-06 03:54:20 GMT","1",""
"66af5cde279e883b21b626c37901c40f","2017-10-06 03:54:24 GMT","","","","false","","","","","","true","2017-10-06 03:54:37 GMT","",""
"eba435ce983ea62bf16ca79ad9c1e06c","2017-10-06 05:11:54 GMT","","4","5","false","","4","","5","5","false","2017-10-06 05:12:29 GMT","5",""
"c2edff9e2b875edf826e57db078ac0de","2017-10-06 05:13:09 GMT","","3","5","false","","5","","5","5","false","2017-10-06 05:13:36 GMT","5",""
"aceff32d3e961adcaa8e99358a850ac2","2017-10-06 05:13:42 GMT","","","","false","","","","","","true","2017-10-06 05:13:52 GMT","",""
"301f52e07cf52d879ae7bfa7e6f06641","2017-10-06 05:14:04 GMT","","4","5","false","","5","","5","5","false","2017-10-06 05:14:53 GMT","5",""
"27d6e6a2b2b42cc406303774f8677ed3","2017-10-06 05:15:05 GMT","","2","5","false","","1","","5","2","false","2017-10-06 05:16:19 GMT","3",""
"ab606f08a120c48bd005d4364c0a3563","2017-10-06 05:16:24 GMT","","1","4","false","","5","","3","5","false","2017-10-06 05:17:08 GMT","1",""
"1e3c12e28d36bb449976fe9528f97bab","2017-10-06 05:17:16 GMT","","","","false","","","","","","true","2017-10-06 05:17:41 GMT","",""
"903669759801284a86311d439f09e083","2017-10-06 05:17:45 GMT","","1","5","false","","5","","4","3","false","2017-10-06 05:18:28 GMT","4",""
"9faa3acfb839148f9f270e0075394187","2017-10-06 05:18:33 GMT","","2","5","false","","5","30.24314000599135, 119.97472772883611","5","2","false","2017-10-06 05:19:47 GMT","3",""
"536690b1f09e75eaf133697951fdc703","2017-10-06 09:24:16 GMT","","3","5","false","","5","31.128909488278563, 120.45325058531955","5","5","false","2017-10-06 09:25:05 GMT","4",""
"03f22f45c1c53335c19bdd8b8ef987a0","2017-10-06 09:25:12 GMT","","","","false","","","","","","true","2017-10-06 09:25:34 GMT","",""
"d2bf1cb41d8967249b0e3f354a6ff4c5","2017-10-06 09:25:39 GMT","","4","5","false","","3","","5","4","false","2017-10-06 09:26:10 GMT","4",""
"c8617f0ae3fa80fde28bf5c268bb4fac","2017-10-06 13:40:29 GMT","","1","5","false","","2","","4","3","false","2017-10-06 13:41:26 GMT","3",""
"8e9f1a401ea4b4c9f3e3ce7e5fceae7e","2017-10-06 13:41:37 GMT","","5","5","false","","2","","5","5","false","2017-10-06 13:42:43 GMT","5",""
"aaab14fecad4a6f2a47d4b515592ce44","2017-10-06 13:42:51 GMT","","2","5","false","","4","","5","5","false","2017-10-06 13:43:40 GMT","4",""
"3e5fa94d5c72177ca15298c9f3ca92cd","2017-10-06 13:43:49 GMT","","4","5","false","","5","30.244756705006363, 120.05201330059435","5","1","false","2017-10-06 13:44:53 GMT","5",""
"c159e53578d1f3df7513ff292eeff790","2017-10-06 13:45:00 GMT","","2","5","false","","5","","4","2","false","2017-10-06 13:45:27 GMT","5",""
"086a824162a9469716c8ffb041bd391a","2017-10-06 14:55:25 GMT","","3","5","false","","5","","5","5","false","2017-10-06 14:56:35 GMT","4",""
"601ca31fef1d77df58bda2e6de63edbe","2017-10-06 14:56:40 GMT","","5","5","false","","2","","5","2","false","2017-10-06 14:58:10 GMT","5",""
"153b614eb2b9fd2c70e9d4b22902decb","2017-10-06 14:58:14 GMT","","","","false","","","","","","true","2017-10-06 14:58:35 GMT","",""
"a340400c56f803920fa099721155c757","2017-10-07 00:31:01 GMT","","2","5","false","","4","","5","1","false","2017-10-07 00:31:27 GMT","4",""
"125f8499c877e15da6d2fd8044084700","2017-10-07 00:31:34 GMT","","4","5","false","","5","","5","5","false","2017-10-07 00:32:12 GMT","5",""
"d4def2a83d8a7f470d54d3c0b6bb5201","2017-10-07 00:32:16 GMT","","4","5","false","","5","","5","5","false","2017-10-07 00:32:53 GMT","5",""
"d6914bc2cf5ee104ba960ecc6a120c53","2017-10-07 01:46:07 GMT","","2","5","false","","4","","4","5","false","2017-10-07 01:46:59 GMT","1",""
"e0cc6955aef0717e855f869093beabce","2017-10-07 02:31:00 GMT","","3","5","false","","3","","4","5","false","2017-10-07 02:31:37 GMT","4",""
"77040c5faa6bf7bcb17682fe07c2272a","2017-10-07 02:31:43 GMT","","4","5","false","","3","","5","4","false","2017-10-07 02:33:00 GMT","5",""
"0c1933d7079bcc04e628d68082e22c65","2017-10-07 02:33:13 GMT","","4","5","false","","5","","5","5","false","2017-10-07 02:33:43 GMT","5",""
"8346af05d1fcad4d53e6db543c7841f7","2017-10-07 08:07:46 GMT","","5","5","false","","5","","5","5","false","2017-10-07 08:08:05 GMT","5",""
"113589d5653223a8dd58096b967fe33c","2017-10-08 04:11:07 GMT","","1","5","false","","1","","3","1","false","2017-10-08 04:12:10 GMT","1",""
"8b4efae37aad2fa430d2289fe66244f6","2017-10-08 04:12:26 GMT","","3","5","false","","5","","5","5","false","2017-10-08 04:13:00 GMT","4",""
"389e6400c9f2931e45e7a004bc781fae","2017-10-08 04:13:27 GMT","","3","5","false","","5","","5","5","false","2017-10-08 04:14:01 GMT","4",""
"8b1f2432b1cde2cc49dab3562de31e4e","2017-10-08 04:14:13 GMT","","","","false","","","","","","true","2017-10-08 04:15:22 GMT","",""
"1ae85f313fe011e05ec8372df8b231ac","2017-10-08 04:15:31 GMT","","4","5","false","","5","","4","5","false","2017-10-08 04:15:50 GMT","5",""
"1f592ae88553302c730f0a1fabb54b3f","2017-10-08 06:59:14 GMT","","1","5","false","","5","31.280241830730173, 120.53659605026246","4","5","false","2017-10-08 07:00:03 GMT","1",""
"0841e084bcd07ece41c59ed9d64439de","2017-10-08 07:00:08 GMT","","4","5","false","","1","","5","3","false","2017-10-08 07:01:17 GMT","5",""
"ef068a071b554136953badae85a06479","2017-10-08 07:01:31 GMT","","2","5","false","","4","","5","5","false","2017-10-08 07:02:15 GMT","4",""
"704675917bc522c7b1cddb4dc6b59ffa","2017-10-08 07:02:20 GMT","","4","5","false","","4","","5","5","false","2017-10-08 07:02:55 GMT","4",""
"a93f623369b0914c7135cec509fb8dbf","2017-10-08 07:50:40 GMT","","2","5","false","","5","","4","4","false","2017-10-08 07:51:15 GMT","1",""
"068a754eae96924999a7ee3dc931ed09","2017-10-08 07:51:18 GMT","","3","5","false","","3","","5","3","false","2017-10-08 07:52:29 GMT","4",""
"94f028555167568164440f03dbe53abe","2017-10-08 07:52:35 GMT","","2","5","false","","3","","5","2","false","2017-10-08 07:53:26 GMT","3",""
"2aecb207686c48e365afdcefd0296ff8","2017-10-08 12:53:45 GMT","","3","5","false","","5","","5","5","false","2017-10-08 12:54:15 GMT","4",""
"bdc42f1f588c50cdc2d8cdde6478dbae","2017-10-08 12:54:20 GMT","","1","5","false","","4","","4","5","false","2017-10-08 12:55:05 GMT","2",""
"06826dcd4d969b98723e407840b1ea98","2017-10-08 12:55:17 GMT","","4","5","false","","5","","5","5","false","2017-10-08 12:55:48 GMT","5",""
"beb2adfa26f17618547a91d1f1af98b7","2017-10-08 12:55:56 GMT","","2","5","false","","5","","5","5","false","2017-10-08 12:56:29 GMT","2",""
"bc598c2d9e4bd1d6d228de0d18d3a6d6","2017-10-08 12:56:34 GMT","","3","5","false","","4","","5","4","false","2017-10-08 12:57:20 GMT","4",""
"3444c660312e1e8c8fc1776915c596fc","2017-10-08 12:57:28 GMT","","1","5","false","","5","","3","3","false","2017-10-08 12:57:46 GMT","2",""
"9c0f2f42399438b3d82306ea06b20689","2017-10-08 12:57:50 GMT","","4","5","false","","2","","5","1","false","2017-10-08 12:58:50 GMT","5",""
"b25858f221cf33c811bb2251a15ec14f","2017-10-08 23:03:08 GMT","","3","5","false","","3","","5","4","false","2017-10-08 23:05:29 GMT","4",""
"857c42c6c9506028e572544b0c627b97","2017-10-08 23:05:34 GMT","","2","5","false","","3","","5","3","false","2017-10-08 23:06:11 GMT","4",""
"79673ee1f54ea18539deb3107a5eaebc","2017-10-08 23:06:17 GMT","","3","5","false","","3","","5","4","false","2017-10-08 23:08:01 GMT","4",""
"037051133f53371b573588121d87c29b","2017-10-08 23:08:08 GMT","","4","5","false","","3","","5","4","false","2017-10-08 23:09:18 GMT","5",""
"09824ea8abebfe520b23c02767f52013","2017-10-09 09:46:21 GMT","","1","5","false","","4","","4","4","false","2017-10-09 09:46:49 GMT","2",""
"46f6a122693a3efe8c85a93312e23c67","2017-10-09 09:46:59 GMT","","5","5","false","","5","","5","5","false","2017-10-09 09:47:35 GMT","5",""
"9ddd6102021a43729083523ab953d1d8","2017-10-09 09:47:51 GMT","","3","5","false","","5","","5","4","false","2017-10-09 09:48:44 GMT","5",""
"d3887abc727d3b2777e90088bc6eede0","2017-10-09 13:54:10 GMT","","5","5","false","","5","","5","5","false","2017-10-09 13:54:37 GMT","5",""
"32a5f48d73629ffb4fb89cef9149bf54","2017-10-09 13:54:41 GMT","","3","5","false","","4","","5","4","false","2017-10-09 13:55:12 GMT","4",""
"052d01f005c369ac9c6b626a5a1e2642","2017-10-09 23:08:28 GMT","","2","5","false","","3","","5","3","false","2017-10-09 23:09:20 GMT","3",""
"b6262e05dac09e72acdcf9e021c2f3dd","2017-10-09 23:09:32 GMT","","3","5","false","","5","31.256218414197523, 119.83675943187711","5","5","false","2017-10-09 23:10:13 GMT","4",""
"fa8337d7a93a9e14d67e49d497bb2f5b","2017-10-09 23:10:16 GMT","","3","5","false","","3","","5","3","false","2017-10-09 23:11:03 GMT","3",""
"8288bbc065f126305458db2bafc0085a","2017-10-09 23:11:10 GMT","","2","5","false","","5","31.2601043870394, 120.97084244907364","5","3","false","2017-10-09 23:11:42 GMT","2",""
"64ea258fbe4e80049bade04fcb6c2c1c","2017-10-09 23:14:12 GMT","","","","false","","","","","","true","2017-10-09 23:14:18 GMT","",""
"821c95e3b7d00b0e22a56372415ae402","2017-10-10 00:14:58 GMT","Maybe in a hospital","3","5","false","","5","","5","4","false","2017-10-10 00:17:32 GMT","3",""
"026eb1f4ea8e66705be7c45af26b206a","2017-10-12 03:42:50 GMT","","4","5","false","","3","","5","4","false","2017-10-12 03:44:12 GMT","5",""
"368fc9e9f13f24d981bec034ce1cafb9","2017-10-12 05:27:53 GMT","","3","5","false","","4","","5","4","false","2017-10-12 05:28:17 GMT","4",""
"a54ffbe54287a4642a8b978fdc801ba4","2017-10-12 05:28:25 GMT","","5","5","false","","5","","5","5","false","2017-10-12 05:28:49 GMT","5",""
"178b9309b5c8175e0aeb0887ceafefd0","2017-10-14 10:09:33 GMT","","3","5","false","","4","","5","2","false","2017-10-14 10:10:08 GMT","3",""
"9dcff3ae58f0c0f17eae152e0946362c","2017-10-17 09:39:00 GMT","","4","5","false","","5","","5","5","false","2017-10-17 09:39:18 GMT","4",""
"ebc46a04e20b922a0ccf254708a62218","2017-10-23 23:07:45 GMT","","4","5","false","","3","","5","3","false","2017-10-23 23:08:19 GMT","5",""
"21fcc7d2f708b5c95670a2474dead30e","2017-10-23 23:08:34 GMT","","4","5","false","","3","","5","4","false","2017-10-23 23:08:56 GMT","5",""
"fd3ec4a6a70ab001e34d3d5d53b88166","2017-10-23 23:09:00 GMT","","4","5","false","","4","","4","1","false","2017-10-23 23:11:22 GMT","5",""
"60b19eb956846fa4a52974c0fff502b2","2017-10-23 23:11:25 GMT","","4","5","false","","4","","5","4","false","2017-10-23 23:12:06 GMT","5",""
"a4397bb1bcd0557466b71ce5bac466ad","2017-10-23 23:12:10 GMT","","4","5","false","","3","","5","4","false","2017-10-23 23:12:41 GMT","5",""
"6f8aea24e3fa307585a4a7d6dd010846","2017-10-23 23:12:44 GMT","","4","5","false","","5","","5","4","false","2017-10-23 23:13:08 GMT","5",""
"5f773b039da3aaa6f04962b5033b9edb","2017-10-23 23:13:13 GMT","","4","5","false","","2","","5","1","false","2017-10-23 23:13:56 GMT","5",""
"bf7fe3274a4e285d3e0192e4bc4f6958","2017-10-23 23:14:00 GMT","","5","5","false","","5","","5","5","false","2017-10-23 23:14:34 GMT","5",""
"49c57f4eaedf143f14195c61b9ebf8c9","2017-10-23 23:14:40 GMT","","3","5","false","","3","","5","3","false","2017-10-23 23:15:15 GMT","3",""
"40624d3106a612c05009bade8f0ccb3e","2017-10-23 23:15:24 GMT","","4","5","false","","5","31.346029417121613, 121.25470420370482","5","5","false","2017-10-23 23:16:00 GMT","3",""
"10bac237fe7ddf6d3cb0bc26bffe69a4","2017-10-23 23:16:17 GMT","","4","5","false","","4","","5","4","false","2017-10-23 23:16:45 GMT","5",""
"d19912067f3b14ca6c259ced4a8db8e0","2017-10-27 11:00:16 GMT","","3","3","false","","4","","5","4","false","2017-10-27 11:00:48 GMT","5",""
"2a2339ad1083209f1b0ff909535cebb0","2017-10-27 11:00:56 GMT","","5","5","false","","5","","5","5","false","2017-10-27 11:01:18 GMT","5",""
"e213786409a16bc41406033124f8240f","2017-10-27 11:01:30 GMT","","5","5","false","","5","","5","5","false","2017-10-27 11:02:12 GMT","5",""
"be498dbe83f1e7906be2371535904ada","2017-10-27 11:02:18 GMT","","4","5","false","","3","","5","2","false","2017-10-27 11:02:47 GMT","5",""
"15cd9879ebd2e8ff3d5aa50016f598fc","2017-10-27 11:02:51 GMT","","5","5","false","","5","","5","5","false","2017-10-27 11:03:09 GMT","5",""
"555d974fe8e744c1584af7c8b936c8a0","2017-11-04 08:18:14 GMT","","5","5","false","","5","","5","5","false","2017-11-04 08:18:54 GMT","5",""
"9d2de7e11806b7419586c01187b44145","2017-11-04 08:18:57 GMT","","3","5","false","","3","","4","3","false","2017-11-04 08:19:53 GMT","5",""
"3e29d1105a66ee53ac76df6b9d80b74d","2017-11-04 08:19:56 GMT","","4","5","false","","4","","5","5","false","2017-11-04 08:20:43 GMT","5",""
"91e3fe91a8690c5f883cb64e8f07fb0c","2017-11-04 08:20:55 GMT","","4","5","false","","3","","5","3","false","2017-11-04 08:21:45 GMT","3",""
"afdf177e9326a94eeb058b4255b7de6e","2017-11-04 08:21:51 GMT","","5","5","false","","2","","5","3","false","2017-11-04 08:23:03 GMT","5",""
"2d21c5524ab45254d4660d374c7eeb3b","2017-11-08 23:08:24 GMT","","3","5","false","","4","","5","5","false","2017-11-08 23:09:09 GMT","4",""
"d00bdc06ed0b155ea199cb58da36a45f","2017-11-08 23:09:15 GMT","","4","5","false","","5","31.479206798508446, 120.83258962698369","4","5","false","2017-11-08 23:10:02 GMT","2",""
"90d8a2050ca8c439b0af01191d1e566a","2017-11-08 23:10:07 GMT","","4","5","false","","2","","5","3","false","2017-11-08 23:10:35 GMT","5",""
"d964658e6f11e939b2061375c7ee3d93","2017-11-08 23:10:38 GMT","","4","5","false","","3","","5","5","false","2017-11-08 23:12:29 GMT","2",""
"5291482167d8c13f57c099f36416bffd","2017-11-09 09:15:46 GMT","","5","5","false","","5","","5","5","false","2017-11-09 09:16:12 GMT","5",""
"94a4ac4bc32c747734e35a2c32ac3cf9","2017-11-09 09:16:17 GMT","","5","5","false","","3","","5","5","false","2017-11-09 09:17:17 GMT","5",""
"646a9125d4705e6c6949af03d21c94a1","2017-11-09 09:17:23 GMT","","5","5","false","","3","","5","5","false","2017-11-09 09:18:12 GMT","5",""
"6552e88c79467c37db249921099a2624","2017-11-18 06:30:31 GMT","","4","5","false","","5","","5","5","false","2017-11-18 06:31:21 GMT","5",""
"343f5e0bd25818c36d79b7433f3331d0","2017-11-18 06:31:24 GMT","","5","5","false","","5","","5","4","false","2017-11-18 06:31:50 GMT","5",""
"8782edab4d8e21abdd734fdab0c78691","2017-11-18 06:31:53 GMT","","5","5","false","","5","","5","5","false","2017-11-18 06:32:59 GMT","5",""
"473f15ecf3db99e77f51550c8aca1d19","2017-11-18 06:33:02 GMT","","5","5","false","","5","","5","5","false","2017-11-18 06:34:54 GMT","5",""
"c5a3a897925b235ea243f922d7e11bac","2017-11-18 06:35:01 GMT","","5","5","false","","5","","5","5","false","2017-11-18 06:35:27 GMT","3",""
"2560696ff7ebee2d9142ff319619b350","2017-11-18 06:35:29 GMT","","5","5","false","","5","","5","5","false","2017-11-18 06:35:54 GMT","5",""
"99535b1eef3006389a8738e6f2803536","2017-11-18 06:35:58 GMT","","3","5","false","","5","31.955034534108872, 119.1431643372955","5","1","false","2017-11-18 06:36:34 GMT","5",""
"e3e3f515dd74d270083b8be96f7afed1","2017-11-18 06:36:37 GMT","","","","false","","","","","","true","2017-11-18 06:37:20 GMT","",""
"15b7bb12f30848e56e56a47cb31d4fcd","2017-11-18 06:37:25 GMT","","5","5","false","","5","","5","5","false","2017-11-18 06:38:01 GMT","5",""
"141217cd67805f50dcf52060f362bc09","2017-11-18 06:38:05 GMT","","5","5","false","","5","","5","5","false","2017-11-18 06:38:26 GMT","5",""
"1975a078142d7bc87ec5b289b05982c1","2017-11-18 06:38:33 GMT","","5","5","false","","5","","5","5","false","2017-11-18 06:39:39 GMT","5",""
"516cdd062ccaba1a4b8d01c0a6eae158","2017-11-18 06:39:44 GMT","","5","5","false","","5","","5","5","false","2017-11-18 06:40:04 GMT","5",""
"f53cffa219a5ded697e7eeae01e66727","2017-11-21 23:13:30 GMT","","3","5","false","","5","","2","5","false","2017-11-21 23:14:31 GMT","5","Object > Art > Other"
"332050aebf3c060c515403ad67e4cfd8","2017-11-21 23:14:35 GMT","","4","5","false","","3","","5","5","false","2017-11-21 23:15:14 GMT","2",""
"b4c5c46953944de79e208c5c6bb0ae50","2017-11-21 23:15:24 GMT","","5","5","false","","4","","5","5","false","2017-11-21 23:16:01 GMT","5",""
"577b632301ee69ddfe775ae712e13942","2017-11-21 23:16:07 GMT","","","","false","","","","","","true","2017-11-21 23:16:57 GMT","",""
"f232daafc17399222b761344c446bdd9","2017-11-21 23:17:00 GMT","","3","5","false","","3","","4","4","false","2017-11-21 23:17:34 GMT","5",""
"65fe5f704b0c851c311cf8153575a1e3","2017-11-21 23:17:38 GMT","","","","false","","","","","","true","2017-11-21 23:17:54 GMT","",""
"1e3546ecf3c8c825dbeb8535021eb700","2017-11-21 23:17:57 GMT","","4","5","false","","5","","5","5","false","2017-11-21 23:18:23 GMT","5",""
"cc007d164caf2cb0f398f85ba8f526dd","2017-11-21 23:18:27 GMT","","4","5","false","","3","","5","3","false","2017-11-21 23:19:05 GMT","5",""
"fef424926b6605cb4dece8b6ff98e8b7","2017-11-21 23:19:08 GMT","","5","5","false","","5","","5","5","false","2017-11-21 23:19:34 GMT","5",""
"3ef5ac0adf74fdb6da02eaf55be27ce9","2017-11-21 23:19:38 GMT","","5","5","false","","4","","5","5","false","2017-11-21 23:20:07 GMT","5",""
"9c4fad51283da9b3f803e1063acac6e1","2017-11-21 23:20:11 GMT","","5","5","false","","5","31.012120167201523, 121.30877787368013","5","5","false","2017-11-21 23:20:40 GMT","5",""
"bdf37f265b24ffe5ccd1bfe50b10787d","2017-11-22 23:23:40 GMT","","4","5","false","","4","","5","5","false","2017-11-22 23:24:56 GMT","5",""
"e1d25bd40a25fc38bf3ae57fcba4b1c9","2017-11-22 23:24:59 GMT","","5","5","false","","3","","5","3","false","2017-11-22 23:25:42 GMT","4",""
"5403f99c1ea242af7742c605fc274ba8","2017-11-22 23:25:45 GMT","","5","5","false","","3","","5","5","false","2017-11-22 23:26:24 GMT","5",""
"496215a6204898510f6441ad4b7d19ca","2017-11-22 23:26:26 GMT","","5","5","false","","5","30.186177972996283, 120.27349450793463","5","5","false","2017-11-22 23:27:03 GMT","5",""
"192dfdf3ed71d5cf006c81590ca24cf1","2017-11-22 23:27:08 GMT","","5","5","false","","5","","5","5","false","2017-11-22 23:27:59 GMT","5",""
"092af491337a72f2069212c55019f098","2017-12-13 23:11:47 GMT","May be impermanent","5","5","false","","3","","5","5","false","2017-12-13 23:12:50 GMT","5",""
"2eba44f59db06603075faef78ca92a9c","2017-12-13 23:13:05 GMT","","3","5","false","","4","","5","4","false","2017-12-13 23:13:43 GMT","4",""
"aba3ac179b78723928928c6095b86772","2017-12-13 23:13:47 GMT","","4","5","false","","5","","5","5","false","2017-12-13 23:14:15 GMT","5",""
"1d6c5d7256bc798c36ddb5d0aa1e08d0","2017-12-13 23:14:26 GMT","","5","4","false","","2","","5","4","false","2017-12-13 23:14:57 GMT","5",""
"711e7970b46fbf0d4def998bee6be613","2017-12-13 23:15:02 GMT","","4","5","false","","4","","5","2","false","2017-12-13 23:15:59 GMT","4",""
"e807143a70771afae96240b8b11bd637","2017-12-13 23:16:02 GMT","","5","5","false","","2","","5","1","false","2017-12-13 23:16:28 GMT","5",""
"22b4f7813e41cbba35a793e7dd5af78c","2017-12-13 23:16:39 GMT","","3","5","false","","3","","5","2","false","2017-12-13 23:17:17 GMT","4",""
"5b5f67a787a0aec897cabd2961bec7c0","2017-12-13 23:17:21 GMT","","3","5","false","","3","","5","3","false","2017-12-13 23:18:04 GMT","3",""
"ae91c8e78b364231dcb9017a0cc523a0","2017-12-13 23:18:07 GMT","","4","5","false","","5","","5","5","false","2017-12-13 23:18:30 GMT","4",""
"db0696ec0061c46fcb854166591619f0","2017-12-17 08:00:57 GMT","","5","5","false","","3","","5","4","false","2017-12-17 08:02:11 GMT","5",""
"ef8567087bd6fce5efcf0cf8c59d093e","2017-12-17 08:02:18 GMT","","4","5","false","","3","","5","1","false","2017-12-17 08:02:48 GMT","5",""
"72903649ec696721537653b863bea8d0","2017-12-17 08:02:51 GMT","","5","5","false","","5","","5","5","false","2017-12-17 08:03:18 GMT","5",""
"9b0d11902e353cf3429d746d00216cc5","2017-12-17 08:03:21 GMT","","4","5","false","","3","","4","3","false","2017-12-17 08:03:57 GMT","3",""
"9b472fd9862f80da6c27595069d99304","2017-12-17 08:04:01 GMT","","5","5","false","","5","","5","5","false","2017-12-17 08:04:35 GMT","5",""
"05176e6bf61c50258883fcee8116de8d","2017-12-17 08:04:39 GMT","","3","5","false","","3","","5","4","false","2017-12-17 08:05:11 GMT","5",""
"b9872303b40fb2b8314cc76af4b1e398","2017-12-17 08:05:15 GMT","","3","5","false","","4","","5","4","false","2017-12-17 08:05:51 GMT","5",""
"7f78e9ae73d59872139b21d543770102","2017-12-21 04:04:44 GMT","","5","5","false","","2","","5","4","false","2017-12-21 04:05:14 GMT","3",""
"908803e23bbe01cb666b230ea03e8486","2017-12-21 04:05:18 GMT","","5","5","false","","5","","5","5","false","2017-12-21 04:05:49 GMT","5",""
"87c83b749dd4291250aeaef28882df0d","2017-12-21 04:05:52 GMT","","3","5","false","","1","","5","4","false","2017-12-21 04:06:29 GMT","5",""
"dbce5a370dcb5bf04396a194d9dd4d8a","2017-12-21 04:06:58 GMT","","3","5","false","","5","","5","5","false","2017-12-21 04:07:23 GMT","4",""
"e221adba152a397f3fc51463e49d78e6","2017-12-21 04:07:27 GMT","","","","false","","","","","","true","2017-12-21 04:07:44 GMT","",""
"96aa410b7612276b3224c582b9d45975","2017-12-21 04:07:47 GMT","","4","5","false","","5","","5","5","false","2017-12-21 04:08:09 GMT","5",""
"904da83348a17fb95bbf722a5f448d1d","2017-12-21 04:08:11 GMT","","5","5","false","","5","","5","5","false","2017-12-21 04:09:30 GMT","5",""
"676a2099a9b2305b93a25ff3db91ef85","2017-12-21 04:09:33 GMT","","3","5","false","","1","","5","5","false","2017-12-21 04:10:43 GMT","4",""
"805616998e6c91f137f7329a5d6e2960","2017-12-21 04:10:46 GMT","","3","5","false","","2","","5","3","false","2017-12-21 04:11:57 GMT","5",""
"a352a8da196af7a38367962b1ccba840","2017-12-21 04:13:14 GMT","","5","5","false","","3","31.870689553326443, 120.51207333862305","5","5","false","2017-12-21 04:14:20 GMT","3",""
"3112ebf4fa5b0cb48698ef1df50cfe71","2017-12-21 04:14:37 GMT","","4","5","false","","3","","5","4","false","2017-12-21 04:15:25 GMT","5",""
"fa5cb5a0f3dac3a6c9dbb62797bf1b79","2018-06-20 08:35:37 GMT","","3","5","false","","3","","5","3","false","2018-06-20 08:36:18 GMT","1",""
"21ae045ebca332b499275b9b028ee35d","2018-06-20 08:36:22 GMT","","4","5","false","","5","","5","2","false","2018-06-20 08:36:59 GMT","3",""
"822b5155eb900a4475930534f2db0d66","2018-06-20 08:37:06 GMT","","4","5","false","","5","30.377574042293304, 119.96262454901034","2","1","false","2018-06-20 08:37:43 GMT","4",""
"41ddce9fb429cb832da65779d199a0d3","2018-06-20 08:37:47 GMT","","1","5","false","","2","","5","5","false","2018-06-20 08:38:25 GMT","3",""
"9710dfe29a29cd708e674afdb85245ff","2018-06-20 08:38:29 GMT","","3","2","false","","2","","5","2","false","2018-06-20 08:39:11 GMT","4",""
"e07edd444fe45ffc76c6ff99ccb80d2c","2018-06-20 08:39:14 GMT","","","","false","","","","","","false","2018-06-20 08:40:13 GMT","",""
"852acf8bc85dfba13218e104c41d8994","2018-06-20 08:40:17 GMT","","1","5","false","","5","36.20721810756336, 118.16598055906843","4","3","false","2018-06-20 08:40:51 GMT","1",""
"4e1020349d92b21b869bc1e06aa48128","2018-06-20 08:40:59 GMT","","4","5","false","","3","","5","5","false","2018-06-20 08:41:38 GMT","5",""
"5dc24ce634e45275d2cb50435f6e48ee","2018-06-20 08:41:43 GMT","","","","false","","","","","","true","2018-06-20 08:42:02 GMT","",""
"63fdd213c8cb5f9e3ae1eabd26afa58a","2018-06-20 08:42:05 GMT","","","","false","","","","","","true","2018-06-20 08:42:14 GMT","",""
"3d958bd3d3d4bed3b835bdc8ca23dfa7","2018-06-20 08:42:20 GMT","","5","5","false","","5","","5","5","false","2018-06-20 08:43:02 GMT","5",""
"ea385d372670e754a7ce813466e3011a","2018-06-21 10:12:00 GMT","","1","5","false","","2","","5","3","false","2018-06-21 10:12:50 GMT","3",""
"d837f6f0d19e81819144be5e431d1134","2018-06-21 10:12:53 GMT","","5","5","false","","5","49.20529685638322, 119.7648243847483","5","5","false","2018-06-21 10:13:26 GMT","5",""
"fda4014e0b7b170a1619bb2cfcada1f6","2018-06-21 10:13:29 GMT","","5","3","false","","2","","4","3","false","2018-06-21 10:14:10 GMT","3",""
"e782b258c456cd62c2e7c525da64293a","2018-06-21 10:14:14 GMT","","","","false","","","","","","false","2018-06-21 10:14:27 GMT","",""
"4f17173fd5c85e3421f33f9b1630c1ec","2018-06-21 10:14:30 GMT","","4","5","false","","2","","5","3","false","2018-06-21 10:15:11 GMT","4",""
"5ae91c4bb77b154c51d5240e8c5c93d3","2018-06-21 10:15:29 GMT","","2","5","false","","1","","4","2","false","2018-06-21 10:17:06 GMT","4",""
"deeb15760f528db0a9f3cc0ec4281d14","2018-06-22 02:41:42 GMT","","","","false","","","","","","false","2018-06-22 02:42:00 GMT","",""
"ef91bf891f91dffd79218a3db6e0130e","2018-06-22 02:42:04 GMT","","4","5","false","","5","31.235367099821445, 119.89458532231822","5","5","false","2018-06-22 02:42:39 GMT","5",""
"6787c93d7bd4e30b4f2a8149a0e5e2e6","2018-06-22 02:42:43 GMT","","","","true","110f0c0ecb9f41d29c6bc94a44876330.16","","","","","false","2018-06-22 02:42:57 GMT","",""
"4cd08f29da757a463d20906313f1f2a8","2018-06-22 02:43:27 GMT","","4","2","false","","3","","5","4","false","2018-06-22 02:44:05 GMT","5",""
"e6ce957211d2a06e5a92ebdc01279910","2018-06-22 02:44:10 GMT","","2","5","false","","3","","5","5","false","2018-06-22 02:44:38 GMT","5",""
"d7daba072203d6224d6013053d76da02","2018-06-22 02:44:41 GMT","","3","5","false","","2","","4","1","false","2018-06-22 02:45:17 GMT","4",""
"7c0571345ccc8076ae8c5c526eb0c30d","2018-06-22 02:45:24 GMT","","1","5","false","","5","","5","5","false","2018-06-22 02:45:55 GMT","4",""
"2216ab0ab967a7c280a792126a14427f","2018-06-22 02:46:07 GMT","","5","5","false","","2","","5","3","false","2018-06-22 02:46:48 GMT","5",""
"e27bf840573cc96fa1b7149e9fc7ca41","2018-06-25 10:50:53 GMT","","3","2","false","","2","","5","3","false","2018-06-25 10:51:28 GMT","5",""
"bf8e95272b3b1e2de6984e1b7da220cd","2018-06-25 10:51:32 GMT","","","","true","29f4d0d970934adaacf621507c977a26.16","","","","","false","2018-06-25 10:52:08 GMT","",""
"15a20e6755efad2d28700b06b5674777","2018-06-25 10:52:12 GMT","","","","false","","","","","","true","2018-06-25 10:52:20 GMT","",""
"807741e80d84acf187f3727f579f98e7","2018-10-04 04:15:51 GMT","","1","5","false","","4","","5","5","false","2018-10-04 04:16:24 GMT","4",""
